region,month,total,long_wait,rate,source
East of England,2022-10-01,3686897,807041,0.21889437106596685,nhs_digital
East of England,2022-11-01,3576449,673237,0.1882417448144794,nhs_digital
East of England,2022-12-01,2816793,416061,0.1477073395169613,nhs_digital
East of England,2023-01-01,3108858,454473,0.14618647747822514,nhs_digital
East of England,2023-02-01,2873392,439567,0.15297843106683667,nhs_digital
East of England,2023-03-01,3306608,530954,0.1605736150157503,nhs_digital
East of England,2023-04-01,2520855,456338,0.18102508870998132,nhs_digital
East of England,2023-05-01,2882115,496460,0.17225544435249807,nhs_digital
East of England,2023-06-01,3074677,517493,0.16830808569485511,nhs_digital
East of England,2023-07-01,2878282,470497,0.1634645250187438,nhs_digital
East of England,2023-08-01,2945865,500568,0.16992224694614316,nhs_digital
East of England,2023-09-01,3217458,692072,0.21509900051531364,nhs_digital
East of England,2023-10-01,3501458,750033,0.21420591079487458,nhs_digital
East of England,2023-11-01,3255913,564329,0.17332434865427915,nhs_digital
East of England,2023-12-01,2683965,433248,0.16142088291017206,nhs_digital
East of England,2024-01-01,3386903,539502,0.15929065579970847,nhs_digital
East of England,2024-02-01,3238474,504587,0.15581011303471945,nhs_digital
East of England,2024-03-01,3185218,513851,0.16132365194470205,nhs_digital
East of England,2024-04-01,3182427,557921,0.17531305509914288,nhs_digital
East of England,2024-05-01,3187325,545914,0.17127654067282125,nhs_digital
East of England,2024-06-01,2898632,503401,0.1736684753359516,nhs_digital
East of England,2024-07-01,3243620,539175,0.16622631504306917,nhs_digital
East of England,2024-08-01,2858042,484747,0.16960807433900552,nhs_digital
East of England,2024-09-01,3084529,545460,0.17683737128099622,nhs_digital
East of England,2024-10-01,3983244,1007476,0.2529285175600591,nhs_digital
London,2022-10-01,4551514,552790,0.12145189490793613,nhs_digital
London,2022-11-01,4519644,531123,0.1175143440501066,nhs_digital
London,2022-12-01,3445486,309971,0.08996437657851461,nhs_digital
London,2023-01-01,3830336,351095,0.09166167145649885,nhs_digital
London,2023-02-01,3586327,331239,0.09236162792740316,nhs_digital
London,2023-03-01,4126596,391282,0.094819555876078,nhs_digital
London,2023-04-01,3132286,329365,0.10515163685563834,nhs_digital
London,2023-05-01,3644204,373663,0.10253624659870852,nhs_digital
London,2023-06-01,3912177,389195,0.09948297329083014,nhs_digital
London,2023-07-01,3684727,342726,0.09301258953512702,nhs_digital
London,2023-08-01,3692350,352645,0.09550692648313405,nhs_digital
London,2023-09-01,3965077,409955,0.1033914347691104,nhs_digital
London,2023-10-01,4243584,434711,0.10243958880041022,nhs_digital
London,2023-11-01,4110124,381399,0.09279501056415816,nhs_digital
London,2023-12-01,3355356,282190,0.084101359140431,nhs_digital
London,2024-01-01,4222626,374090,0.08859179098504107,nhs_digital
London,2024-02-01,4025107,353837,0.08790747674533869,nhs_digital
London,2024-03-01,3908963,347357,0.08886167507853106,nhs_digital
London,2024-04-01,3953712,383927,0.09710545431736049,nhs_digital
London,2024-05-01,4029192,389734,0.09672758210579194,nhs_digital
London,2024-06-01,3787539,375210,0.09906432646634133,nhs_digital
London,2024-07-01,4073053,379622,0.09320330474462277,nhs_digital
London,2024-08-01,3666121,332224,0.09062003136284918,nhs_digital
London,2024-09-01,3998345,371106,0.09281490216577108,nhs_digital
London,2024-10-01,4768582,563201,0.11810659856535968,nhs_digital
Midlands,2022-10-01,6182838,1215629,0.1966134322134916,nhs_digital
Midlands,2022-11-01,6056759,1024513,0.1691520167799313,nhs_digital
Midlands,2022-12-01,4738295,624360,0.1317689168783286,nhs_digital
Midlands,2023-01-01,5281369,686317,0.1299505866755381,nhs_digital
Midlands,2023-02-01,4884444,664865,0.13611887043847776,nhs_digital
Midlands,2023-03-01,5537740,819664,0.14801417184627663,nhs_digital
Midlands,2023-04-01,4237820,673199,0.15885502451732258,nhs_digital
Midlands,2023-05-01,4886942,745559,0.15256145867906762,nhs_digital
Midlands,2023-06-01,5172770,775833,0.1499840510983477,nhs_digital
Midlands,2023-07-01,4893217,708166,0.14472401285289413,nhs_digital
Midlands,2023-08-01,4973333,766726,0.15416743660639656,nhs_digital
Midlands,2023-09-01,5414590,1055840,0.19499906733473818,nhs_digital
Midlands,2023-10-01,5895536,1119535,0.18989537168461018,nhs_digital
Midlands,2023-11-01,5459642,835343,0.1530032555248128,nhs_digital
Midlands,2023-12-01,4494589,645016,0.1435094510310064,nhs_digital
Midlands,2024-01-01,5657763,815636,0.14416227756447203,nhs_digital
Midlands,2024-02-01,5375450,790312,0.1470224818387298,nhs_digital
Midlands,2024-03-01,5176817,785075,0.15165206728381553,nhs_digital
Midlands,2024-04-01,5352089,861299,0.1609276303140699,nhs_digital
Midlands,2024-05-01,5323640,833504,0.15656655972229527,nhs_digital
Midlands,2024-06-01,4939511,783720,0.15866347903669006,nhs_digital
Midlands,2024-07-01,5418279,834724,0.1540570354535084,nhs_digital
Midlands,2024-08-01,4847904,763432,0.15747671571054211,nhs_digital
Midlands,2024-09-01,5240731,841556,0.16057988856898017,nhs_digital
Midlands,2024-10-01,6664009,1514801,0.22731076743743894,nhs_digital
North East and Yorkshire,2022-10-01,5174975,1031584,0.19934086638099702,nhs_digital
North East and Yorkshire,2022-11-01,5005409,894772,0.17876101633253147,nhs_digital
North East and Yorkshire,2022-12-01,3965516,567761,0.14317455786333985,nhs_digital
North East and Yorkshire,2023-01-01,4431510,636258,0.14357589173893323,nhs_digital
North East and Yorkshire,2023-02-01,4042582,610397,0.15099186608954376,nhs_digital
North East and Yorkshire,2023-03-01,4627106,744773,0.1609587072351487,nhs_digital
North East and Yorkshire,2023-04-01,3566964,620278,0.1738952229402932,nhs_digital
North East and Yorkshire,2023-05-01,4081675,680114,0.166626201253162,nhs_digital
North East and Yorkshire,2023-06-01,4317712,708271,0.16403850002038117,nhs_digital
North East and Yorkshire,2023-07-01,4094240,645256,0.15760092227128844,nhs_digital
North East and Yorkshire,2023-08-01,4160241,690689,0.1660213915491915,nhs_digital
North East and Yorkshire,2023-09-01,4527641,914649,0.20201447067026737,nhs_digital
North East and Yorkshire,2023-10-01,4958275,985404,0.19873927928563864,nhs_digital
North East and Yorkshire,2023-11-01,4581915,751719,0.16406218797162322,nhs_digital
North East and Yorkshire,2023-12-01,3794739,596264,0.15712912007914115,nhs_digital
North East and Yorkshire,2024-01-01,4780439,751836,0.15727342195978236,nhs_digital
North East and Yorkshire,2024-02-01,4450442,716358,0.16096333802350418,nhs_digital
North East and Yorkshire,2024-03-01,4307887,721877,0.1675710156742737,nhs_digital
North East and Yorkshire,2024-04-01,4473255,790169,0.176642959098017,nhs_digital
North East and Yorkshire,2024-05-01,4431681,763110,0.1721942531513437,nhs_digital
North East and Yorkshire,2024-06-01,4138373,718527,0.17362548035181943,nhs_digital
North East and Yorkshire,2024-07-01,4629974,770724,0.16646400174169446,nhs_digital
North East and Yorkshire,2024-08-01,4059950,697933,0.171906796881735,nhs_digital
North East and Yorkshire,2024-09-01,4372274,780321,0.17847028800116368,nhs_digital
North East and Yorkshire,2024-10-01,5559232,1345374,0.24200716933562047,nhs_digital
North West,2022-10-01,3859135,724594,0.18776072876434746,nhs_digital
North West,2022-11-01,3739539,621335,0.16615283327704297,nhs_digital
North West,2022-12-01,2874304,366897,0.12764724956024137,nhs_digital
North West,2023-01-01,3216756,402584,0.12515217193968084,nhs_digital
North West,2023-02-01,2961078,398662,0.13463407583319317,nhs_digital
North West,2023-03-01,3387542,503973,0.14877247278410127,nhs_digital
North West,2023-04-01,2554525,406630,0.15918027813389965,nhs_digital
North West,2023-05-01,2941810,442255,0.1503343179879054,nhs_digital
North West,2023-06-01,3089961,455520,0.147419336360556,nhs_digital
North West,2023-07-01,2941497,412386,0.14019596144412183,nhs_digital
North West,2023-08-01,3003734,444815,0.14808734728175,nhs_digital
North West,2023-09-01,3219108,597230,0.1855265495907562,nhs_digital
North West,2023-10-01,3533943,654281,0.18514192220983758,nhs_digital
North West,2023-11-01,3316739,498989,0.15044566364733553,nhs_digital
North West,2023-12-01,2711763,370422,0.13659822041970482,nhs_digital
North West,2024-01-01,3430677,470700,0.13720324006019802,nhs_digital
North West,2024-02-01,3292901,461010,0.14000117221866068,nhs_digital
North West,2024-03-01,3206716,461223,0.143830323608327,nhs_digital
North West,2024-04-01,3242795,500186,0.1542453346572941,nhs_digital
North West,2024-05-01,3255684,482773,0.14828619730907544,nhs_digital
North West,2024-06-01,2903457,454816,0.15664637017183308,nhs_digital
North West,2024-07-01,3144669,476697,0.1515889271653074,nhs_digital
North West,2024-08-01,2890886,442577,0.1530938957814317,nhs_digital
North West,2024-09-01,3120193,495840,0.15891324671262322,nhs_digital
North West,2024-10-01,3953395,882463,0.22321650126030917,nhs_digital
South East,2022-10-01,4944530,1026974,0.20769901284854173,nhs_digital
South East,2022-11-01,4828685,886676,0.18362680522751018,nhs_digital
South East,2022-12-01,3769128,534607,0.14183837747086328,nhs_digital
South East,2023-01-01,4180905,590990,0.1413545631866785,nhs_digital
South East,2023-02-01,3849256,568456,0.14767944766469157,nhs_digital
South East,2023-03-01,4406745,700610,0.15898582740775788,nhs_digital
South East,2023-04-01,3377779,600090,0.17765815940000812,nhs_digital
South East,2023-05-01,3852315,651911,0.16922577722745932,nhs_digital
South East,2023-06-01,4086357,677974,0.1659115931378487,nhs_digital
South East,2023-07-01,3847471,608215,0.15808176331933366,nhs_digital
South East,2023-08-01,3928466,660170,0.1680477825186727,nhs_digital
South East,2023-09-01,4200484,845766,0.2013496539922542,nhs_digital
South East,2023-10-01,4624796,951012,0.20563328631143946,nhs_digital
South East,2023-11-01,4373359,739966,0.16919854967314596,nhs_digital
South East,2023-12-01,3553017,553482,0.15577803314760386,nhs_digital
South East,2024-01-01,4546931,708090,0.15572921603604717,nhs_digital
South East,2024-02-01,4232750,682884,0.16133341208434232,nhs_digital
South East,2024-03-01,4093607,689278,0.16837913361004123,nhs_digital
South East,2024-04-01,4164221,763278,0.18329430642609987,nhs_digital
South East,2024-05-01,4160871,733966,0.17639720145133075,nhs_digital
South East,2024-06-01,3889697,690974,0.17764211454002715,nhs_digital
South East,2024-07-01,4160579,724304,0.17408730852124188,nhs_digital
South East,2024-08-01,3779136,663954,0.17568936391810192,nhs_digital
South East,2024-09-01,4098041,750081,0.18303403992297784,nhs_digital
South East,2024-10-01,5127396,1256484,0.24505304446935638,nhs_digital
South West,2022-10-01,3562275,881124,0.24734867465313598,nhs_digital
South West,2022-11-01,3476394,725155,0.20859402012545183,nhs_digital
South West,2022-12-01,2709757,426298,0.15731964157671702,nhs_digital
South West,2023-01-01,2986636,477387,0.15984103854637793,nhs_digital
South West,2023-02-01,2768868,460389,0.1662733651441672,nhs_digital
South West,2023-03-01,3190531,572640,0.17948109577998145,nhs_digital
South West,2023-04-01,2437974,493993,0.2026243922207538,nhs_digital
South West,2023-05-01,2764331,543132,0.19647864166773082,nhs_digital
South West,2023-06-01,2910054,560355,0.19255828242362513,nhs_digital
South West,2023-07-01,2761571,508823,0.18425128305591273,nhs_digital
South West,2023-08-01,2803593,539012,0.19225757804360333,nhs_digital
South West,2023-09-01,3010161,730330,0.2426215740619854,nhs_digital
South West,2023-10-01,3423465,883632,0.25811042321157074,nhs_digital
South West,2023-11-01,3125030,602164,0.19269063016995036,nhs_digital
South West,2023-12-01,2527487,456886,0.18076690404342338,nhs_digital
South West,2024-01-01,3224321,584725,0.18134825905981444,nhs_digital
South West,2024-02-01,3065806,569307,0.1856957028592155,nhs_digital
South West,2024-03-01,2976211,567086,0.19053958203904225,nhs_digital
South West,2024-04-01,3054699,627602,0.20545461271306928,nhs_digital
South West,2024-05-01,3036776,601515,0.19807684201929943,nhs_digital
South West,2024-06-01,2765433,559335,0.20225946533508496,nhs_digital
South West,2024-07-01,3073654,594913,0.19355236470988602,nhs_digital
South West,2024-08-01,2711389,541348,0.19965707613330289,nhs_digital
South West,2024-09-01,2924094,606586,0.20744408353493424,nhs_digital
South West,2024-10-01,3824133,1096376,0.2866992335256122,nhs_digital
