sub_icb_code,sub_icb_name,region_code,region,share,n
00L,NHS North East and North Cumbria ICB - 00L,Y63,North East and Yorkshire,1.0,13017
00N,NHS North East and North Cumbria ICB - 00N,Y63,North East and Yorkshire,1.0,3606
00P,NHS North East and North Cumbria ICB - 00P,Y63,North East and Yorkshire,1.0,7114
00Q,NHS Lancashire and South Cumbria ICB - 00Q,Y62,North West,1.0,3431
00R,NHS Lancashire and South Cumbria ICB - 00R,Y62,North West,1.0,3533
00T,NHS Greater Manchester ICB - 00T,Y62,North West,1.0,7270
00V,NHS Greater Manchester ICB - 00V,Y62,North West,1.0,4989
00X,NHS Lancashire and South Cumbria ICB - 00X,Y62,North West,1.0,4371
00Y,NHS Greater Manchester ICB - 00Y,Y62,North West,1.0,5886
01A,NHS Lancashire and South Cumbria ICB - 01A,Y62,North West,1.0,11376
01D,NHS Greater Manchester ICB - 01D,Y62,North West,1.0,5738
01E,NHS Lancashire and South Cumbria ICB - 01E,Y62,North West,1.0,5048
01F,NHS Cheshire and Merseyside ICB - 01F,Y62,North West,1.0,3132
01G,NHS Greater Manchester ICB - 01G,Y62,North West,1.0,6579
01H,NHS North East and North Cumbria ICB - 01H,Y63,North East and Yorkshire,1.0,12814
01J,NHS Cheshire and Merseyside ICB - 01J,Y62,North West,1.0,3738
01K,NHS Lancashire and South Cumbria ICB - 01K,Y62,North West,1.0,11752
01T,NHS Cheshire and Merseyside ICB - 01T,Y62,North West,1.0,3980
01V,NHS Cheshire and Merseyside ICB - 01V,Y62,North West,1.0,2711
01W,NHS Greater Manchester ICB - 01W,Y62,North West,1.0,6806
01X,NHS Cheshire and Merseyside ICB - 01X,Y62,North West,1.0,4831
01Y,NHS Greater Manchester ICB - 01Y,Y62,North West,1.0,6017
02A,NHS Greater Manchester ICB - 02A,Y62,North West,1.0,6516
02E,NHS Cheshire and Merseyside ICB - 02E,Y62,North West,1.0,5477
02G,NHS Lancashire and South Cumbria ICB - 02G,Y62,North West,1.0,2808
02H,NHS Greater Manchester ICB - 02H,Y62,North West,1.0,7934
02M,NHS Lancashire and South Cumbria ICB - 02M,Y62,North West,1.0,5602
02P,NHS South Yorkshire ICB - 02P,Y63,North East and Yorkshire,1.0,6843
02Q,NHS Nottingham and Nottinghamshire ICB - 02Q,Y60,Midlands,1.0,3863
02T,NHS West Yorkshire ICB - 02T,Y63,North East and Yorkshire,1.0,7301
02X,NHS South Yorkshire ICB - 02X,Y63,North East and Yorkshire,1.0,8024
02Y,NHS Humber and North Yorkshire ICB - 02Y,Y63,North East and Yorkshire,1.0,9848
03F,NHS Humber and North Yorkshire ICB - 03F,Y63,North East and Yorkshire,1.0,5808
03H,NHS Humber and North Yorkshire ICB - 03H,Y63,North East and Yorkshire,1.0,4446
03K,NHS Humber and North Yorkshire ICB - 03K,Y63,North East and Yorkshire,1.0,4863
03L,NHS South Yorkshire ICB - 03L,Y63,North East and Yorkshire,1.0,6540
03N,NHS South Yorkshire ICB - 03N,Y63,North East and Yorkshire,1.0,11847
03Q,NHS Humber and North Yorkshire ICB - 03Q,Y63,North East and Yorkshire,1.0,11136
03R,NHS West Yorkshire ICB - 03R,Y63,North East and Yorkshire,1.0,9630
03W,"NHS Leicester, Leicestershire and Rutland ICB - 03W",Y60,Midlands,1.0,8865
04C,"NHS Leicester, Leicestershire and Rutland ICB - 04C",Y60,Midlands,1.0,6062
04V,"NHS Leicester, Leicestershire and Rutland ICB - 04V",Y60,Midlands,1.0,9208
04Y,NHS Staffordshire and Stoke-on-Trent ICB - 04Y,Y60,Midlands,1.0,3016
05D,NHS Staffordshire and Stoke-on-Trent ICB - 05D,Y60,Midlands,1.0,3386
05G,NHS Staffordshire and Stoke-on-Trent ICB - 05G,Y60,Midlands,1.0,5917
05Q,NHS Staffordshire and Stoke-on-Trent ICB - 05Q,Y60,Midlands,1.0,5815
05V,NHS Staffordshire and Stoke-on-Trent ICB - 05V,Y60,Midlands,1.0,4522
05W,NHS Staffordshire and Stoke-on-Trent ICB - 05W,Y60,Midlands,1.0,6801
06H,NHS Cambridgeshire and Peterborough ICB - 06H,Y61,East of England,1.0,22343
06K,NHS Hertfordshire and West Essex ICB - 06K,Y61,East of England,1.0,15474
06L,NHS Suffolk and North East Essex ICB - 06L,Y61,East of England,1.0,14592
06N,NHS Hertfordshire and West Essex ICB - 06N,Y61,East of England,1.0,16596
06Q,NHS Mid and South Essex ICB - 06Q,Y61,East of England,1.0,10866
06T,NHS Suffolk and North East Essex ICB - 06T,Y61,East of England,1.0,9996
07G,NHS Mid and South Essex ICB - 07G,Y61,East of England,1.0,3281
07H,NHS Hertfordshire and West Essex ICB - 07H,Y61,East of England,1.0,8356
07K,NHS Suffolk and North East Essex ICB - 07K,Y61,East of England,1.0,7121
09D,NHS Sussex ICB - 09D,Y59,South East,1.0,5121
10Q,"NHS Buckinghamshire, Oxfordshire and Berkshire West ICB - 10Q",Y59,South East,1.0,21630
10R,NHS Hampshire and Isle of Wight ICB - 10R,Y59,South East,1.0,4424
11J,NHS Dorset ICB - 11J,Y58,South West,1.0,22651
11M,NHS Gloucestershire ICB - 11M,Y58,South West,1.0,21151
11N,NHS Cornwall and the Isles of Scilly ICB - 11N,Y58,South West,1.0,22065
11X,NHS Somerset ICB - 11X,Y58,South West,1.0,20266
12F,NHS Cheshire and Merseyside ICB - 12F,Y62,North West,1.0,8694
13T,NHS North East and North Cumbria ICB - 13T,Y63,North East and Yorkshire,1.0,11907
14L,NHS Greater Manchester ICB - 14L,Y62,North West,1.0,14207
14Y,"NHS Buckinghamshire, Oxfordshire and Berkshire West ICB - 14Y",Y59,South East,1.0,16263
15A,"NHS Buckinghamshire, Oxfordshire and Berkshire West ICB - 15A",Y59,South East,1.0,13611
15C,"NHS Bristol, North Somerset and South Gloucestershire ICB - 15C",Y58,South West,1.0,25208
15E,NHS Birmingham and Solihull ICB - 15E,Y60,Midlands,1.0,26387
15F,NHS West Yorkshire ICB - 15F,Y63,North East and Yorkshire,1.0,20684
15M,NHS Derby and Derbyshire ICB - 15M,Y60,Midlands,1.0,26307
15N,NHS Devon ICB - 15N,Y58,South West,1.0,41183
16C,NHS North East and North Cumbria ICB - 16C,Y63,North East and Yorkshire,1.0,19225
18C,NHS Herefordshire and Worcestershire ICB - 18C,Y60,Midlands,1.0,23777
26A,NHS Norfolk and Waveney ICB - 26A,Y61,East of England,1.0,32902
27D,NHS Cheshire and Merseyside ICB - 27D,Y62,North West,1.0,23202
36J,NHS West Yorkshire ICB - 36J,Y63,North East and Yorkshire,1.0,17260
36L,NHS South West London ICB - 36L,Y56,London,1.0,28766
42D,NHS Humber and North Yorkshire ICB - 42D,Y63,North East and Yorkshire,1.0,16211
52R,NHS Nottingham and Nottinghamshire ICB - 52R,Y60,Midlands,1.0,23977
70F,NHS Sussex ICB - 70F,Y59,South East,1.0,26327
71E,NHS Lincolnshire ICB - 71E,Y60,Midlands,1.0,23400
72Q,NHS South East London ICB - 72Q,Y56,London,1.0,34969
78H,NHS Northamptonshire ICB - 78H,Y60,Midlands,1.0,18143
84H,NHS North East and North Cumbria ICB - 84H,Y63,North East and Yorkshire,1.0,16281
91Q,NHS Kent and Medway ICB - 91Q,Y59,South East,1.0,51729
92A,NHS Surrey Heartlands ICB - 92A,Y59,South East,1.0,29336
92G,"NHS Bath and North East Somerset, Swindon and Wiltshire ICB - 92G",Y58,South West,1.0,28535
93C,NHS North Central London ICB - 93C,Y56,London,1.0,34320
97R,NHS Sussex ICB - 97R,Y59,South East,1.0,17382
99A,NHS Cheshire and Merseyside ICB - 99A,Y62,North West,1.0,10613
99C,NHS North East and North Cumbria ICB - 99C,Y63,North East and Yorkshire,1.0,5050
99E,NHS Mid and South Essex ICB - 99E,Y61,East of England,1.0,6324
99F,NHS Mid and South Essex ICB - 99F,Y61,East of England,1.0,4157
99G,NHS Mid and South Essex ICB - 99G,Y61,East of England,1.0,3650
A3A8R,NHS North East London ICB - A3A8R,Y56,London,1.0,32807
B2M3M,NHS Coventry and Warwickshire ICB - B2M3M,Y60,Midlands,1.0,22794
D2P2L,NHS Black Country ICB - D2P2L,Y60,Midlands,1.0,25486
D4U1Y,NHS Frimley ICB - D4U1Y,Y59,South East,1.0,19136
D9Y0V,NHS Hampshire and Isle of Wight ICB - D9Y0V,Y59,South East,1.0,46207
M1J4Y,"NHS Bedfordshire, Luton and Milton Keynes ICB - M1J4Y",Y61,East of England,1.0,22733
M2L0M,"NHS Shropshire, Telford and Wrekin ICB - M2L0M",Y60,Midlands,1.0,18283
W2U3Z,NHS North West London ICB - W2U3Z,Y56,London,1.0,49815
X2C4Y,NHS West Yorkshire ICB - X2C4Y,Y63,North East and Yorkshire,1.0,11482
