scheme,model,horizon,n,cov80,cov80_ci,cov95,cov95_ci,width80_pp,width95_pp,interval_score95,rmse_pp,mae_pp
forward_origin,naive,1-3,21,0.0,"[0.00, 0.15]",0.14285714285714285,"[0.05, 0.35]",9.279130483986242,14.144939974816612,47.83985744917335,7.553983693107059,7.22447249320059
forward_origin,naive,4-6,21,0.38095238095238093,"[0.21, 0.59]",1.0,"[0.85, 1.00]",14.913617477991192,22.632919727359585,22.63291972735958,7.400852568480837,7.098589676088987
forward_origin,naive,all,42,0.19047619047619047,"[0.10, 0.33]",0.5714285714285714,"[0.42, 0.71]",12.096373980988718,18.388929851088093,35.23638858826647,7.477810119818394,7.161531084644788
forward_origin,pymc,1-3,21,1.0,"[0.85, 1.00]",1.0,"[0.85, 1.00]",5.6432856007642895,9.202045642694737,9.202045642694737,1.1323635660038747,0.9850506716154211
forward_origin,pymc,4-6,21,1.0,"[0.85, 1.00]",1.0,"[0.85, 1.00]",6.754294858030024,11.85895861124711,11.85895861124711,1.1997509004002802,1.0007435709579617
forward_origin,pymc,all,42,1.0,"[0.92, 1.00]",1.0,"[0.92, 1.00]",6.198790229397156,10.530502126970925,10.530502126970923,1.1665439272964166,0.9928971212866916
forward_origin,snaive,1-3,21,0.9047619047619048,"[0.71, 0.97]",1.0,"[0.85, 1.00]",3.760246689493454,5.753860592125296,5.753860592125295,1.488929219574756,1.3406663997680661
forward_origin,snaive,4-6,21,1.0,"[0.85, 1.00]",1.0,"[0.85, 1.00]",3.843573370522146,5.880897407093169,5.880897407093169,1.0430993355158638,0.9673637979953665
forward_origin,snaive,all,42,0.9523809523809523,"[0.84, 0.99]",1.0,"[0.92, 1.00]",3.8019100300078,5.817378999609231,5.817378999609231,1.2854894874438159,1.1540150988817162
forward_origin,uc,1-3,21,1.0,"[0.85, 1.00]",1.0,"[0.85, 1.00]",4.079879232278562,6.241570872841924,6.241570872841924,0.8405489662563949,0.703526181645278
forward_origin,uc,4-6,21,1.0,"[0.85, 1.00]",1.0,"[0.85, 1.00]",4.314756133293112,6.600253693489184,6.600253693489182,0.7172760341077299,0.6379695556117289
forward_origin,uc,all,42,1.0,"[0.92, 1.00]",1.0,"[0.92, 1.00]",4.197317682785837,6.420912283165554,6.420912283165554,0.7813473855398785,0.6707478686285037
